,Run,Assay Type,AvgSpotLen,Bases,BioProject,BioSample,Bytes,Center Name,Consent,DATASTORE filetype,DATASTORE provider,DATASTORE region,Experiment,GEO_Accession (exp),Instrument,LibraryLayout,LibrarySelection,LibrarySource,Organism,Platform,ReleaseDate,create_date,version,Sample Name,secondary_readout,sort_markers,source_name,SRA Study,Time_point,sample_title,RNA_type,geo_metadata_source_name
0,SRR21603832,RNA-Seq,118,46038979002,PRJNA881278,SAMN30889638,14626493649,GEO,public,"fastq,run.zq,sra","gs,s3,ncbi","gs.US,s3.us-east-1,ncbi.public",SRX17605416,GSM6588400,Illumina NovaSeq 6000,PAIRED,cDNA,TRANSCRIPTOMIC SINGLE CELL,Mus musculus,ILLUMINA,2023-05-24T00:00:00Z,2022-09-17T12:33:00Z,1,GSM6588400,Antibodies (CITE-seq),nomarker,Npm1c/Flt3ITD leukemia model,SRP397634,d0,DM_CITEseq-1_NA_NM_1,mRNA,Npm1c/Flt3ITD leukemia model
1,SRR21603833,RNA-Seq,118,10665267750,PRJNA881278,SAMN30889639,3147834163,GEO,public,"fastq,run.zq,sra","ncbi,s3,gs","gs.US,s3.us-east-1,ncbi.public",SRX17605417,GSM6588401,Illumina NovaSeq 6000,PAIRED,cDNA,TRANSCRIPTOMIC SINGLE CELL,Mus musculus,ILLUMINA,2023-05-24T00:00:00Z,2022-09-16T14:34:00Z,1,GSM6588401,Antibodies (CITE-seq),nomarker,Npm1c/Flt3ITD leukemia model,SRP397634,d0,DM_CITEseq-1_NA_NM_1,gRNA,Npm1c/Flt3ITD leukemia model
2,SRR21603834,RNA-Seq,118,46899044186,PRJNA881278,SAMN30889640,15104954799,GEO,public,"fastq,run.zq,sra","gs,s3,ncbi","gs.US,s3.us-east-1,ncbi.public",SRX17605418,GSM6588402,Illumina NovaSeq 6000,PAIRED,cDNA,TRANSCRIPTOMIC SINGLE CELL,Mus musculus,ILLUMINA,2023-05-24T00:00:00Z,2022-09-17T14:03:00Z,1,GSM6588402,Antibodies (CITE-seq),nomarker,Npm1c/Flt3ITD leukemia model,SRP397634,d0,DM_CITEseq-2_NA_NM_1,mRNA,Npm1c/Flt3ITD leukemia model
3,SRR21603835,RNA-Seq,118,7641478220,PRJNA881278,SAMN30889641,2277401364,GEO,public,"sra,run.zq,fastq","s3,ncbi,gs","ncbi.public,gs.US,s3.us-east-1",SRX17605419,GSM6588403,Illumina NovaSeq 6000,PAIRED,cDNA,TRANSCRIPTOMIC SINGLE CELL,Mus musculus,ILLUMINA,2023-05-24T00:00:00Z,2022-09-16T12:09:00Z,1,GSM6588403,Antibodies (CITE-seq),nomarker,Npm1c/Flt3ITD leukemia model,SRP397634,d0,DM_CITEseq-2_NA_NM_1,gRNA,Npm1c/Flt3ITD leukemia model
4,SRR21603836,RNA-Seq,112,6443148208,PRJNA881278,SAMN30889642,2057180146,GEO,public,"sra,fastq,run.zq","s3,ncbi,gs","ncbi.public,gs.US,s3.us-east-1",SRX17605420,GSM6588404,NextSeq 2000,PAIRED,cDNA,TRANSCRIPTOMIC SINGLE CELL,Mus musculus,ILLUMINA,2023-05-24T00:00:00Z,2022-09-16T12:17:00Z,1,GSM6588404,CRISPR screen (Perturb-seq),nomarker,Npm1c/Flt3ITD leukemia model,SRP397634,6d,DM_OP0_NM_6d_1,mRNA,Npm1c/Flt3ITD leukemia model
5,SRR21603837,RNA-Seq,112,19214741952,PRJNA881278,SAMN30889642,6131416943,GEO,public,"run.zq,fastq,sra","ncbi,s3,gs","gs.US,s3.us-east-1,ncbi.public",SRX17605420,GSM6588404,NextSeq 2000,PAIRED,cDNA,TRANSCRIPTOMIC SINGLE CELL,Mus musculus,ILLUMINA,2023-05-24T00:00:00Z,2022-09-16T13:20:00Z,1,GSM6588404,CRISPR screen (Perturb-seq),nomarker,Npm1c/Flt3ITD leukemia model,SRP397634,6d,DM_OP0_NM_6d_1,mRNA,Npm1c/Flt3ITD leukemia model
6,SRR21603838,RNA-Seq,112,29240616608,PRJNA881278,SAMN30889642,9561665827,GEO,public,"run.zq,sra,fastq","s3,gs,ncbi","ncbi.public,s3.us-east-1,gs.US",SRX17605420,GSM6588404,NextSeq 2000,PAIRED,cDNA,TRANSCRIPTOMIC SINGLE CELL,Mus musculus,ILLUMINA,2023-05-24T00:00:00Z,2022-09-16T15:06:00Z,1,GSM6588404,CRISPR screen (Perturb-seq),nomarker,Npm1c/Flt3ITD leukemia model,SRP397634,6d,DM_OP0_NM_6d_1,mRNA,Npm1c/Flt3ITD leukemia model
7,SRR21603839,RNA-Seq,112,5232800384,PRJNA881278,SAMN30889643,1635493669,GEO,public,"run.zq,sra,fastq","gs,ncbi,s3","gs.US,ncbi.public,s3.us-east-1",SRX17605421,GSM6588405,NextSeq 2000,PAIRED,cDNA,TRANSCRIPTOMIC SINGLE CELL,Mus musculus,ILLUMINA,2023-05-24T00:00:00Z,2022-09-16T12:09:00Z,1,GSM6588405,CRISPR screen (Perturb-seq),nomarker,Npm1c/Flt3ITD leukemia model,SRP397634,6d,DM_OP0_NM_6d_1,gRNA,Npm1c/Flt3ITD leukemia model
8,SRR21603840,RNA-Seq,112,6277620944,PRJNA881278,SAMN30889643,1885495484,GEO,public,"fastq,sra,run.zq","s3,gs,ncbi","gs.US,ncbi.public,s3.us-east-1",SRX17605421,GSM6588405,NextSeq 2000,PAIRED,cDNA,TRANSCRIPTOMIC SINGLE CELL,Mus musculus,ILLUMINA,2023-05-24T00:00:00Z,2022-09-16T12:28:00Z,1,GSM6588405,CRISPR screen (Perturb-seq),nomarker,Npm1c/Flt3ITD leukemia model,SRP397634,6d,DM_OP0_NM_6d_1,gRNA,Npm1c/Flt3ITD leukemia model
9,SRR21603841,RNA-Seq,112,1089830896,PRJNA881278,SAMN30889643,341166017,GEO,public,"sra,fastq,run.zq","ncbi,gs,s3","ncbi.public,gs.US,s3.us-east-1",SRX17605421,GSM6588405,NextSeq 2000,PAIRED,cDNA,TRANSCRIPTOMIC SINGLE CELL,Mus musculus,ILLUMINA,2023-05-24T00:00:00Z,2022-09-16T11:35:00Z,1,GSM6588405,CRISPR screen (Perturb-seq),nomarker,Npm1c/Flt3ITD leukemia model,SRP397634,6d,DM_OP0_NM_6d_1,gRNA,Npm1c/Flt3ITD leukemia model
10,SRR21603842,RNA-Seq,118,92515531858,PRJNA881278,SAMN30889644,28643872194,GEO,public,"run.zq,fastq,sra","gs,s3,ncbi","s3.us-east-1,gs.US,ncbi.public",SRX17605422,GSM6588406,Illumina NovaSeq 6000,PAIRED,cDNA,TRANSCRIPTOMIC SINGLE CELL,Mus musculus,ILLUMINA,2023-05-24T00:00:00Z,2022-09-17T20:28:00Z,1,GSM6588406,CRISPR screen (Perturb-seq),nomarker,Npm1c/Flt3ITD leukemia model,SRP397634,6d,DM_OP1_NM_6d_1,mRNA,Npm1c/Flt3ITD leukemia model
11,SRR21603843,RNA-Seq,118,12426575044,PRJNA881278,SAMN30889644,3991146265,GEO,public,"sra,run.zq,fastq","ncbi,gs,s3","ncbi.public,gs.US,s3.us-east-1",SRX17605422,GSM6588406,Illumina NovaSeq 6000,PAIRED,cDNA,TRANSCRIPTOMIC SINGLE CELL,Mus musculus,ILLUMINA,2023-05-24T00:00:00Z,2022-09-16T12:59:00Z,1,GSM6588406,CRISPR screen (Perturb-seq),nomarker,Npm1c/Flt3ITD leukemia model,SRP397634,6d,DM_OP1_NM_6d_1,mRNA,Npm1c/Flt3ITD leukemia model
12,SRR21603844,RNA-Seq,118,10026845860,PRJNA881278,SAMN30889645,2995334683,GEO,public,"sra,fastq,run.zq","ncbi,gs,s3","s3.us-east-1,gs.US,ncbi.public",SRX17605423,GSM6588407,Illumina NovaSeq 6000,PAIRED,cDNA,TRANSCRIPTOMIC SINGLE CELL,Mus musculus,ILLUMINA,2023-05-24T00:00:00Z,2022-09-16T12:30:00Z,1,GSM6588407,CRISPR screen (Perturb-seq),nomarker,Npm1c/Flt3ITD leukemia model,SRP397634,6d,DM_OP1_NM_6d_1,gRNA,Npm1c/Flt3ITD leukemia model
13,SRR21603845,RNA-Seq,118,24308028910,PRJNA881278,SAMN30889645,7330299978,GEO,public,"sra,fastq,run.zq","gs,ncbi,s3","ncbi.public,s3.us-east-1,gs.US",SRX17605423,GSM6588407,Illumina NovaSeq 6000,PAIRED,cDNA,TRANSCRIPTOMIC SINGLE CELL,Mus musculus,ILLUMINA,2023-05-24T00:00:00Z,2022-09-16T12:49:00Z,1,GSM6588407,CRISPR screen (Perturb-seq),nomarker,Npm1c/Flt3ITD leukemia model,SRP397634,6d,DM_OP1_NM_6d_1,gRNA,Npm1c/Flt3ITD leukemia model
14,SRR21603846,RNA-Seq,118,97370717142,PRJNA881278,SAMN30889646,29885862018,GEO,public,"fastq,run.zq,sra","ncbi,s3,gs","ncbi.public,s3.us-east-1,gs.US",SRX17605424,GSM6588408,Illumina NovaSeq 6000,PAIRED,cDNA,TRANSCRIPTOMIC SINGLE CELL,Mus musculus,ILLUMINA,2023-05-24T00:00:00Z,2022-09-17T21:10:00Z,1,GSM6588408,CRISPR screen (Perturb-seq),nomarker,Npm1c/Flt3ITD leukemia model,SRP397634,6d,DM_OP1_NM_6d_2,mRNA,Npm1c/Flt3ITD leukemia model
15,SRR21603847,RNA-Seq,118,12049477134,PRJNA881278,SAMN30889646,3827674486,GEO,public,"sra,run.zq,fastq","s3,ncbi,gs","gs.US,s3.us-east-1,ncbi.public",SRX17605424,GSM6588408,Illumina NovaSeq 6000,PAIRED,cDNA,TRANSCRIPTOMIC SINGLE CELL,Mus musculus,ILLUMINA,2023-05-24T00:00:00Z,2022-09-16T13:21:00Z,1,GSM6588408,CRISPR screen (Perturb-seq),nomarker,Npm1c/Flt3ITD leukemia model,SRP397634,6d,DM_OP1_NM_6d_2,mRNA,Npm1c/Flt3ITD leukemia model
16,SRR21603848,RNA-Seq,118,8355932820,PRJNA881278,SAMN30889647,2500103462,GEO,public,"sra,fastq,run.zq","gs,ncbi,s3","s3.us-east-1,gs.US,ncbi.public",SRX17605425,GSM6588409,Illumina NovaSeq 6000,PAIRED,cDNA,TRANSCRIPTOMIC SINGLE CELL,Mus musculus,ILLUMINA,2023-05-24T00:00:00Z,2022-09-16T13:59:00Z,1,GSM6588409,CRISPR screen (Perturb-seq),nomarker,Npm1c/Flt3ITD leukemia model,SRP397634,6d,DM_OP1_NM_6d_2,gRNA,Npm1c/Flt3ITD leukemia model
17,SRR21603849,RNA-Seq,118,24275314826,PRJNA881278,SAMN30889647,7323146585,GEO,public,"run.zq,sra,fastq","s3,gs,ncbi","ncbi.public,s3.us-east-1,gs.US",SRX17605425,GSM6588409,Illumina NovaSeq 6000,PAIRED,cDNA,TRANSCRIPTOMIC SINGLE CELL,Mus musculus,ILLUMINA,2023-05-24T00:00:00Z,2022-09-16T14:03:00Z,1,GSM6588409,CRISPR screen (Perturb-seq),nomarker,Npm1c/Flt3ITD leukemia model,SRP397634,6d,DM_OP1_NM_6d_2,gRNA,Npm1c/Flt3ITD leukemia model
18,SRR21603850,RNA-Seq,118,117607465094,PRJNA881278,SAMN30889648,35844045185,GEO,public,"fastq,sra,run.zq","s3,gs,ncbi","ncbi.public,gs.US,s3.us-east-1",SRX17605426,GSM6588410,Illumina NovaSeq 6000,PAIRED,cDNA,TRANSCRIPTOMIC SINGLE CELL,Mus musculus,ILLUMINA,2023-05-24T00:00:00Z,2022-09-18T00:01:00Z,1,GSM6588410,CRISPR screen (Perturb-seq),nomarker,Npm1c/Flt3ITD leukemia model,SRP397634,6d,DM_OP2_NM_6d_1,mRNA,Npm1c/Flt3ITD leukemia model
19,SRR21603851,RNA-Seq,118,11429927692,PRJNA881278,SAMN30889648,3576051912,GEO,public,"fastq,sra,run.zq","ncbi,s3,gs","ncbi.public,s3.us-east-1,gs.US",SRX17605426,GSM6588410,Illumina NovaSeq 6000,PAIRED,cDNA,TRANSCRIPTOMIC SINGLE CELL,Mus musculus,ILLUMINA,2023-05-24T00:00:00Z,2022-09-16T12:19:00Z,1,GSM6588410,CRISPR screen (Perturb-seq),nomarker,Npm1c/Flt3ITD leukemia model,SRP397634,6d,DM_OP2_NM_6d_1,mRNA,Npm1c/Flt3ITD leukemia model
20,SRR21603852,RNA-Seq,118,10252928196,PRJNA881278,SAMN30889649,3071300824,GEO,public,"fastq,sra,run.zq","ncbi,s3,gs","s3.us-east-1,ncbi.public,gs.US",SRX17605427,GSM6588411,Illumina NovaSeq 6000,PAIRED,cDNA,TRANSCRIPTOMIC SINGLE CELL,Mus musculus,ILLUMINA,2023-05-24T00:00:00Z,2022-09-16T12:36:00Z,1,GSM6588411,CRISPR screen (Perturb-seq),nomarker,Npm1c/Flt3ITD leukemia model,SRP397634,6d,DM_OP2_NM_6d_1,gRNA,Npm1c/Flt3ITD leukemia model
21,SRR21603853,RNA-Seq,118,25043364790,PRJNA881278,SAMN30889649,7552325177,GEO,public,"fastq,run.zq,sra","ncbi,gs,s3","s3.us-east-1,gs.US,ncbi.public",SRX17605427,GSM6588411,Illumina NovaSeq 6000,PAIRED,cDNA,TRANSCRIPTOMIC SINGLE CELL,Mus musculus,ILLUMINA,2023-05-24T00:00:00Z,2022-09-16T15:20:00Z,1,GSM6588411,CRISPR screen (Perturb-seq),nomarker,Npm1c/Flt3ITD leukemia model,SRP397634,6d,DM_OP2_NM_6d_1,gRNA,Npm1c/Flt3ITD leukemia model
22,SRR21603854,RNA-Seq,118,46283000288,PRJNA881278,SAMN30889650,14647161815,GEO,public,"sra,fastq,run.zq","ncbi,gs,s3","gs.US,s3.us-east-1,ncbi.public",SRX17605428,GSM6588412,Illumina NovaSeq 6000,PAIRED,cDNA,TRANSCRIPTOMIC SINGLE CELL,Mus musculus,ILLUMINA,2023-05-24T00:00:00Z,2022-09-17T18:25:00Z,1,GSM6588412,CRISPR screen (Perturb-seq),nomarker,Npm1c/Flt3ITD leukemia model,SRP397634,6d,DM_OP2_NM_6d_2,mRNA,Npm1c/Flt3ITD leukemia model
23,SRR21603855,RNA-Seq,118,3879302392,PRJNA881278,SAMN30889651,1200981051,GEO,public,"fastq,run.zq,sra","ncbi,gs,s3","s3.us-east-1,gs.US,ncbi.public",SRX17605429,GSM6588413,Illumina NovaSeq 6000,PAIRED,cDNA,TRANSCRIPTOMIC SINGLE CELL,Mus musculus,ILLUMINA,2023-05-24T00:00:00Z,2022-09-16T11:58:00Z,1,GSM6588413,CRISPR screen (Perturb-seq),nomarker,Npm1c/Flt3ITD leukemia model,SRP397634,6d,DM_OP2_NM_6d_2,gRNA,Npm1c/Flt3ITD leukemia model
24,SRR21603856,RNA-Seq,118,55039766246,PRJNA881278,SAMN30889652,17712373801,GEO,public,"sra,fastq,run.zq","gs,ncbi,s3","gs.US,s3.us-east-1,ncbi.public",SRX17605430,GSM6588414,Illumina NovaSeq 6000,PAIRED,cDNA,TRANSCRIPTOMIC SINGLE CELL,Mus musculus,ILLUMINA,2023-05-24T00:00:00Z,2022-09-17T21:47:00Z,1,GSM6588414,CRISPR screen (Perturb-seq),nomarker,Npm1c/Flt3ITD leukemia model,SRP397634,6d,DM_OP2_NM_6d_3,mRNA,Npm1c/Flt3ITD leukemia model
25,SRR21603857,RNA-Seq,118,4994547414,PRJNA881278,SAMN30889653,1554921466,GEO,public,"run.zq,fastq,sra","ncbi,gs,s3","ncbi.public,gs.US,s3.us-east-1",SRX17605431,GSM6588415,Illumina NovaSeq 6000,PAIRED,cDNA,TRANSCRIPTOMIC SINGLE CELL,Mus musculus,ILLUMINA,2023-05-24T00:00:00Z,2022-09-16T11:59:00Z,1,GSM6588415,CRISPR screen (Perturb-seq),nomarker,Npm1c/Flt3ITD leukemia model,SRP397634,6d,DM_OP2_NM_6d_3,gRNA,Npm1c/Flt3ITD leukemia model
26,SRR21603858,RNA-Seq,118,42306104934,PRJNA881278,SAMN30889654,15806363136,GEO,public,"fastq,sra,run.zq","s3,ncbi,gs","gs.US,s3.us-east-1,ncbi.public",SRX17605436,GSM6588416,Illumina NovaSeq 6000,PAIRED,cDNA,TRANSCRIPTOMIC SINGLE CELL,Mus musculus,ILLUMINA,2023-05-24T00:00:00Z,2022-09-17T12:13:00Z,1,GSM6588416,CRISPR screen (Perturb-seq),nomarker,Npm1c/Flt3ITD leukemia model,SRP397634,6d,DM_OP3_NM_6d_1,mRNA,Npm1c/Flt3ITD leukemia model
27,SRR21603859,RNA-Seq,118,4020906286,PRJNA881278,SAMN30889655,1473741353,GEO,public,"run.zq,sra,fastq","ncbi,gs,s3","gs.US,ncbi.public,s3.us-east-1",SRX17605437,GSM6588417,Illumina NovaSeq 6000,PAIRED,cDNA,TRANSCRIPTOMIC SINGLE CELL,Mus musculus,ILLUMINA,2023-05-24T00:00:00Z,2022-09-16T12:01:00Z,1,GSM6588417,CRISPR screen (Perturb-seq),nomarker,Npm1c/Flt3ITD leukemia model,SRP397634,6d,DM_OP3_NM_6d_1,gRNA,Npm1c/Flt3ITD leukemia model
28,SRR21603860,RNA-Seq,118,40626526092,PRJNA881278,SAMN30889656,15339416089,GEO,public,"run.zq,fastq,sra","ncbi,s3,gs","gs.US,s3.us-east-1,ncbi.public",SRX17605438,GSM6588418,Illumina NovaSeq 6000,PAIRED,cDNA,TRANSCRIPTOMIC SINGLE CELL,Mus musculus,ILLUMINA,2023-05-24T00:00:00Z,2022-09-17T12:36:00Z,1,GSM6588418,CRISPR screen (Perturb-seq),nomarker,Npm1c/Flt3ITD leukemia model,SRP397634,6d,DM_OP4_NM_6d_1,mRNA,Npm1c/Flt3ITD leukemia model
29,SRR21603861,RNA-Seq,118,3964456148,PRJNA881278,SAMN30889657,1461026871,GEO,public,"fastq,sra,run.zq","gs,s3,ncbi","ncbi.public,gs.US,s3.us-east-1",SRX17605439,GSM6588419,Illumina NovaSeq 6000,PAIRED,cDNA,TRANSCRIPTOMIC SINGLE CELL,Mus musculus,ILLUMINA,2023-05-24T00:00:00Z,2022-09-16T12:01:00Z,1,GSM6588419,CRISPR screen (Perturb-seq),nomarker,Npm1c/Flt3ITD leukemia model,SRP397634,6d,DM_OP4_NM_6d_1,gRNA,Npm1c/Flt3ITD leukemia model
30,SRR21603862,RNA-Seq,118,51913471886,PRJNA881278,SAMN30889658,15589334713,GEO,public,"fastq,sra,run.zq","s3,ncbi,gs","gs.US,s3.us-east-1,ncbi.public",SRX17605440,GSM6588420,Illumina NovaSeq 6000,PAIRED,cDNA,TRANSCRIPTOMIC SINGLE CELL,Mus musculus,ILLUMINA,2023-05-24T00:00:00Z,2022-09-17T14:19:00Z,1,GSM6588420,CRISPR screen (Perturb-seq),nomarker,Npm1c/Flt3ITD leukemia model,SRP397634,6d,DM_OP5_NM_6d_1,mRNA,Npm1c/Flt3ITD leukemia model
31,SRR21603863,RNA-Seq,118,3801595498,PRJNA881278,SAMN30889660,1135856038,GEO,public,"sra,run.zq,fastq","gs,ncbi,s3","gs.US,ncbi.public,s3.us-east-1",SRX17605441,GSM6588421,Illumina NovaSeq 6000,PAIRED,cDNA,TRANSCRIPTOMIC SINGLE CELL,Mus musculus,ILLUMINA,2023-05-24T00:00:00Z,2022-09-16T11:47:00Z,1,GSM6588421,CRISPR screen (Perturb-seq),nomarker,Npm1c/Flt3ITD leukemia model,SRP397634,6d,DM_OP5_NM_6d_1,gRNA,Npm1c/Flt3ITD leukemia model
32,SRR21603864,RNA-Seq,118,57467803866,PRJNA881278,SAMN30889633,17731280873,GEO,public,"run.zq,fastq,sra","s3,ncbi,gs","s3.us-east-1,ncbi.public,gs.US",SRX17605442,GSM6588422,Illumina NovaSeq 6000,PAIRED,cDNA,TRANSCRIPTOMIC SINGLE CELL,Mus musculus,ILLUMINA,2023-05-24T00:00:00Z,2022-09-18T00:33:00Z,1,GSM6588422,CRISPR screen (Perturb-seq),nomarker,Npm1c/Flt3ITD leukemia model,SRP397634,6d,DM_Test1_NM_6d_1,mRNA,Npm1c/Flt3ITD leukemia model
33,SRR21603865,RNA-Seq,118,7171046558,PRJNA881278,SAMN30889634,2282859636,GEO,public,"run.zq,sra,fastq","ncbi,s3,gs","ncbi.public,gs.US,s3.us-east-1",SRX17605443,GSM6588423,Illumina NovaSeq 6000,PAIRED,cDNA,TRANSCRIPTOMIC SINGLE CELL,Mus musculus,ILLUMINA,2023-05-24T00:00:00Z,2022-09-16T13:44:00Z,1,GSM6588423,CRISPR screen (Perturb-seq),nomarker,Npm1c/Flt3ITD leukemia model,SRP397634,6d,DM_Test1_NM_6d_1,gRNA,Npm1c/Flt3ITD leukemia model
34,SRR21603866,RNA-Seq,118,35397475862,PRJNA881278,SAMN30889635,11759897483,GEO,public,"fastq,sra,run.zq","ncbi,s3,gs","s3.us-east-1,gs.US,ncbi.public",SRX17605444,GSM6588424,Illumina NovaSeq 6000,PAIRED,cDNA,TRANSCRIPTOMIC SINGLE CELL,Mus musculus,ILLUMINA,2023-05-24T00:00:00Z,2022-09-19T08:50:00Z,1,GSM6588424,CRISPR screen (Perturb-seq),nomarker,Npm1c/Flt3ITD leukemia model,SRP397634,6d,DM_Test2_NM_6d_1,mRNA,Npm1c/Flt3ITD leukemia model
35,SRR21603867,RNA-Seq,118,13533947814,PRJNA881278,SAMN30889659,4190494214,GEO,public,"fastq,sra,run.zq","ncbi,gs,s3","gs.US,ncbi.public,s3.us-east-1",SRX17605445,GSM6588425,Illumina NovaSeq 6000,PAIRED,cDNA,TRANSCRIPTOMIC SINGLE CELL,Mus musculus,ILLUMINA,2023-05-24T00:00:00Z,2022-09-16T12:44:00Z,1,GSM6588425,CRISPR screen (Perturb-seq),nomarker,Npm1c/Flt3ITD leukemia model,SRP397634,6d,DM_Test2_NM_6d_1,gRNA,Npm1c/Flt3ITD leukemia model
36,SRR21603868,RNA-Seq,112,8792874832,PRJNA881278,SAMN30889636,2791660373,GEO,public,"run.zq,fastq,sra","s3,ncbi,gs","gs.US,ncbi.public,s3.us-east-1",SRX17605446,GSM6588426,NextSeq 2000,PAIRED,cDNA,TRANSCRIPTOMIC SINGLE CELL,Mus musculus,ILLUMINA,2023-05-24T00:00:00Z,2022-09-16T12:08:00Z,1,GSM6588426,CRISPR screen (Perturb-seq),lin-ckit+,in.vivo,SRP397634,14d,inVivo_NTC_lin-andckit_14d_1,mRNA,in.vivo
37,SRR21603869,RNA-Seq,112,6938787520,PRJNA881278,SAMN30889637,2091407100,GEO,public,"run.zq,fastq,sra","gs,s3,ncbi","s3.us-east-1,ncbi.public,gs.US",SRX17605447,GSM6588427,NextSeq 2000,PAIRED,cDNA,TRANSCRIPTOMIC SINGLE CELL,Mus musculus,ILLUMINA,2023-05-24T00:00:00Z,2022-09-16T12:33:00Z,1,GSM6588427,CRISPR screen (Perturb-seq),lin-ckit+,in.vivo,SRP397634,14d,inVivo_NTC_lin-andckit_14d_1,gRNA,in.vivo
38,SRR21603870,RNA-Seq,112,28642900832,PRJNA881278,SAMN30889577,8854639179,GEO,public,"fastq,run.zq,sra","gs,ncbi,s3","gs.US,s3.us-east-1,ncbi.public",SRX17605448,GSM6588428,NextSeq 2000,PAIRED,cDNA,TRANSCRIPTOMIC SINGLE CELL,Mus musculus,ILLUMINA,2023-05-24T00:00:00Z,2022-09-17T22:00:00Z,1,GSM6588428,CRISPR screen (Perturb-seq),lin+ckit+,in.vivo,SRP397634,14d,inVivo_OP1_ckit_14d_1,mRNA,in.vivo
39,SRR21603871,RNA-Seq,112,36413402144,PRJNA881278,SAMN30889577,10909756756,GEO,public,"run.zq,fastq,sra","ncbi,s3,gs","gs.US,s3.us-east-1,ncbi.public",SRX17605448,GSM6588428,NextSeq 2000,PAIRED,cDNA,TRANSCRIPTOMIC SINGLE CELL,Mus musculus,ILLUMINA,2023-05-24T00:00:00Z,2022-09-18T10:24:00Z,1,GSM6588428,CRISPR screen (Perturb-seq),lin+ckit+,in.vivo,SRP397634,14d,inVivo_OP1_ckit_14d_1,mRNA,in.vivo
40,SRR21603872,RNA-Seq,112,9586682112,PRJNA881278,SAMN30889578,3042277013,GEO,public,"fastq,sra,run.zq","ncbi,s3,gs","gs.US,ncbi.public,s3.us-east-1",SRX17605449,GSM6588429,NextSeq 2000,PAIRED,cDNA,TRANSCRIPTOMIC SINGLE CELL,Mus musculus,ILLUMINA,2023-05-24T00:00:00Z,2022-09-16T12:21:00Z,1,GSM6588429,CRISPR screen (Perturb-seq),lin+ckit+,in.vivo,SRP397634,14d,inVivo_OP1_ckit_14d_1,gRNA,in.vivo
41,SRR21603873,RNA-Seq,103,1958671278,PRJNA881278,SAMN30889579,606023817,GEO,public,"run.zq,fastq,sra","gs,ncbi,s3","s3.us-east-1,gs.US,ncbi.public",SRX17605450,GSM6588430,NextSeq 2000,PAIRED,cDNA,TRANSCRIPTOMIC SINGLE CELL,Mus musculus,ILLUMINA,2023-05-24T00:00:00Z,2022-09-16T11:42:00Z,1,GSM6588430,CRISPR screen (Perturb-seq),lin-,in.vivo,SRP397634,14d,inVivo_OP1_lin-_14d_1,mRNA,in.vivo
42,SRR21603874,RNA-Seq,103,493879438,PRJNA881278,SAMN30889579,149461488,GEO,public,"fastq,sra,run.zq","ncbi,s3,gs","ncbi.public,gs.US,s3.us-east-1",SRX17605450,GSM6588430,NextSeq 2000,PAIRED,cDNA,TRANSCRIPTOMIC SINGLE CELL,Mus musculus,ILLUMINA,2023-05-24T00:00:00Z,2022-09-16T11:37:00Z,1,GSM6588430,CRISPR screen (Perturb-seq),lin-,in.vivo,SRP397634,14d,inVivo_OP1_lin-_14d_1,mRNA,in.vivo
43,SRR21603875,RNA-Seq,112,8495447072,PRJNA881278,SAMN30889579,2563651259,GEO,public,"sra,run.zq,fastq","gs,ncbi,s3","s3.us-east-1,ncbi.public,gs.US",SRX17605450,GSM6588430,NextSeq 2000,PAIRED,cDNA,TRANSCRIPTOMIC SINGLE CELL,Mus musculus,ILLUMINA,2023-05-24T00:00:00Z,2022-09-16T12:36:00Z,1,GSM6588430,CRISPR screen (Perturb-seq),lin-,in.vivo,SRP397634,14d,inVivo_OP1_lin-_14d_1,mRNA,in.vivo
44,SRR21603876,RNA-Seq,112,17883730480,PRJNA881278,SAMN30889579,5546667817,GEO,public,"sra,run.zq,fastq","s3,gs,ncbi","s3.us-east-1,ncbi.public,gs.US",SRX17605450,GSM6588430,NextSeq 2000,PAIRED,cDNA,TRANSCRIPTOMIC SINGLE CELL,Mus musculus,ILLUMINA,2023-05-24T00:00:00Z,2022-09-16T14:01:00Z,1,GSM6588430,CRISPR screen (Perturb-seq),lin-,in.vivo,SRP397634,14d,inVivo_OP1_lin-_14d_1,mRNA,in.vivo
45,SRR21603877,RNA-Seq,112,25745974128,PRJNA881278,SAMN30889579,7811619018,GEO,public,"sra,run.zq,fastq","gs,s3,ncbi","ncbi.public,gs.US,s3.us-east-1",SRX17605450,GSM6588430,NextSeq 2000,PAIRED,cDNA,TRANSCRIPTOMIC SINGLE CELL,Mus musculus,ILLUMINA,2023-05-24T00:00:00Z,2022-09-16T15:15:00Z,1,GSM6588430,CRISPR screen (Perturb-seq),lin-,in.vivo,SRP397634,14d,inVivo_OP1_lin-_14d_1,mRNA,in.vivo
46,SRR21603878,RNA-Seq,112,29135381968,PRJNA881278,SAMN30889579,8650231963,GEO,public,"sra,run.zq,fastq","gs,ncbi,s3","gs.US,ncbi.public,s3.us-east-1",SRX17605450,GSM6588430,NextSeq 2000,PAIRED,cDNA,TRANSCRIPTOMIC SINGLE CELL,Mus musculus,ILLUMINA,2023-05-24T00:00:00Z,2022-09-16T14:10:00Z,1,GSM6588430,CRISPR screen (Perturb-seq),lin-,in.vivo,SRP397634,14d,inVivo_OP1_lin-_14d_1,mRNA,in.vivo
47,SRR21603879,RNA-Seq,103,2374073677,PRJNA881278,SAMN30889580,729007457,GEO,public,"sra,fastq,run.zq","gs,s3,ncbi","s3.us-east-1,gs.US,ncbi.public",SRX17605451,GSM6588431,NextSeq 2000,PAIRED,cDNA,TRANSCRIPTOMIC SINGLE CELL,Mus musculus,ILLUMINA,2023-05-24T00:00:00Z,2022-09-16T11:54:00Z,1,GSM6588431,CRISPR screen (Perturb-seq),lin-,in.vivo,SRP397634,14d,inVivo_OP1_lin-_14d_1,gRNA,in.vivo
48,SRR21603880,RNA-Seq,112,5087390448,PRJNA881278,SAMN30889580,1555590173,GEO,public,"fastq,sra,run.zq","s3,ncbi,gs","ncbi.public,s3.us-east-1,gs.US",SRX17605451,GSM6588431,NextSeq 2000,PAIRED,cDNA,TRANSCRIPTOMIC SINGLE CELL,Mus musculus,ILLUMINA,2023-05-24T00:00:00Z,2022-09-16T12:16:00Z,1,GSM6588431,CRISPR screen (Perturb-seq),lin-,in.vivo,SRP397634,14d,inVivo_OP1_lin-_14d_1,gRNA,in.vivo
49,SRR21603881,RNA-Seq,112,27721319360,PRJNA881278,SAMN30889581,8553313117,GEO,public,"run.zq,sra,fastq","gs,s3,ncbi","s3.us-east-1,gs.US,ncbi.public",SRX17605452,GSM6588432,NextSeq 2000,PAIRED,cDNA,TRANSCRIPTOMIC SINGLE CELL,Mus musculus,ILLUMINA,2023-05-24T00:00:00Z,2022-09-16T14:31:00Z,1,GSM6588432,CRISPR screen (Perturb-seq),lin-,in.vivo,SRP397634,14d,inVivo_OP1_lin-_14d_2,mRNA,in.vivo
50,SRR21603882,RNA-Seq,112,34735135680,PRJNA881278,SAMN30889581,10414005320,GEO,public,"fastq,run.zq,sra","gs,s3,ncbi","gs.US,ncbi.public,s3.us-east-1",SRX17605452,GSM6588432,NextSeq 2000,PAIRED,cDNA,TRANSCRIPTOMIC SINGLE CELL,Mus musculus,ILLUMINA,2023-05-24T00:00:00Z,2022-09-17T10:49:00Z,1,GSM6588432,CRISPR screen (Perturb-seq),lin-,in.vivo,SRP397634,14d,inVivo_OP1_lin-_14d_2,mRNA,in.vivo
51,SRR21603883,RNA-Seq,112,5891111520,PRJNA881278,SAMN30889582,1874022207,GEO,public,"sra,run.zq,fastq","ncbi,s3,gs","ncbi.public,s3.us-east-1,gs.US",SRX17605453,GSM6588433,NextSeq 2000,PAIRED,cDNA,TRANSCRIPTOMIC SINGLE CELL,Mus musculus,ILLUMINA,2023-05-24T00:00:00Z,2022-09-16T12:36:00Z,1,GSM6588433,CRISPR screen (Perturb-seq),lin-,in.vivo,SRP397634,14d,inVivo_OP1_lin-_14d_2,gRNA,in.vivo
52,SRR21603884,RNA-Seq,112,11310378688,PRJNA881278,SAMN30889583,3439150443,GEO,public,"fastq,sra,run.zq","gs,s3,ncbi","ncbi.public,gs.US,s3.us-east-1",SRX17605454,GSM6588434,NextSeq 2000,PAIRED,cDNA,TRANSCRIPTOMIC SINGLE CELL,Mus musculus,ILLUMINA,2023-05-24T00:00:00Z,2022-09-16T13:11:00Z,1,GSM6588434,CRISPR screen (Perturb-seq),lin-,in.vivo,SRP397634,28d,inVivo_OP1_lin-_28d_1,mRNA,in.vivo
53,SRR21603885,RNA-Seq,112,37140423712,PRJNA881278,SAMN30889583,11854872255,GEO,public,"sra,fastq,run.zq","s3,ncbi,gs","gs.US,s3.us-east-1,ncbi.public",SRX17605454,GSM6588434,NextSeq 2000,PAIRED,cDNA,TRANSCRIPTOMIC SINGLE CELL,Mus musculus,ILLUMINA,2023-05-24T00:00:00Z,2022-09-17T11:11:00Z,1,GSM6588434,CRISPR screen (Perturb-seq),lin-,in.vivo,SRP397634,28d,inVivo_OP1_lin-_28d_1,mRNA,in.vivo
54,SRR21603886,RNA-Seq,112,2551599120,PRJNA881278,SAMN30889583,844993942,GEO,public,"sra,fastq,run.zq","gs,ncbi,s3","s3.us-east-1,ncbi.public,gs.US",SRX17605454,GSM6588434,NextSeq 2000,PAIRED,cDNA,TRANSCRIPTOMIC SINGLE CELL,Mus musculus,ILLUMINA,2023-05-24T00:00:00Z,2022-09-16T11:52:00Z,1,GSM6588434,CRISPR screen (Perturb-seq),lin-,in.vivo,SRP397634,28d,inVivo_OP1_lin-_28d_1,mRNA,in.vivo
55,SRR21603887,RNA-Seq,112,5745881344,PRJNA881278,SAMN30889584,1683407163,GEO,public,"fastq,sra,run.zq","gs,s3,ncbi","ncbi.public,s3.us-east-1,gs.US",SRX17605455,GSM6588435,NextSeq 2000,PAIRED,cDNA,TRANSCRIPTOMIC SINGLE CELL,Mus musculus,ILLUMINA,2023-05-24T00:00:00Z,2022-09-16T12:55:00Z,1,GSM6588435,CRISPR screen (Perturb-seq),lin-,in.vivo,SRP397634,28d,inVivo_OP1_lin-_28d_1,gRNA,in.vivo
56,SRR21603888,RNA-Seq,112,5788782496,PRJNA881278,SAMN30889584,1746280344,GEO,public,"fastq,sra,run.zq","gs,s3,ncbi","gs.US,s3.us-east-1,ncbi.public",SRX17605455,GSM6588435,NextSeq 2000,PAIRED,cDNA,TRANSCRIPTOMIC SINGLE CELL,Mus musculus,ILLUMINA,2023-05-24T00:00:00Z,2022-09-16T12:05:00Z,1,GSM6588435,CRISPR screen (Perturb-seq),lin-,in.vivo,SRP397634,28d,inVivo_OP1_lin-_28d_1,gRNA,in.vivo
57,SRR21603889,RNA-Seq,112,14243863760,PRJNA881278,SAMN30889585,4319108847,GEO,public,"fastq,run.zq,sra","ncbi,s3,gs","s3.us-east-1,gs.US,ncbi.public",SRX17605456,GSM6588436,NextSeq 2000,PAIRED,cDNA,TRANSCRIPTOMIC SINGLE CELL,Mus musculus,ILLUMINA,2023-05-24T00:00:00Z,2022-09-16T13:41:00Z,1,GSM6588436,CRISPR screen (Perturb-seq),lin-,in.vivo,SRP397634,28d,inVivo_OP1_lin-_28d_2,mRNA,in.vivo
58,SRR21603890,RNA-Seq,112,5776482320,PRJNA881278,SAMN30889586,1699911624,GEO,public,"fastq,run.zq,sra","ncbi,s3,gs","gs.US,s3.us-east-1,ncbi.public",SRX17605457,GSM6588437,NextSeq 2000,PAIRED,cDNA,TRANSCRIPTOMIC SINGLE CELL,Mus musculus,ILLUMINA,2023-05-24T00:00:00Z,2022-09-16T12:13:00Z,1,GSM6588437,CRISPR screen (Perturb-seq),lin-,in.vivo,SRP397634,28d,inVivo_OP1_lin-_28d_2,gRNA,in.vivo
59,SRR21603891,RNA-Seq,112,17423842016,PRJNA881278,SAMN30889590,5198931000,GEO,public,"run.zq,fastq,sra","gs,s3,ncbi","s3.us-east-1,gs.US,ncbi.public",SRX17605458,GSM6588438,NextSeq 2000,PAIRED,cDNA,TRANSCRIPTOMIC SINGLE CELL,Mus musculus,ILLUMINA,2023-05-24T00:00:00Z,2022-09-16T14:52:00Z,1,GSM6588438,CRISPR screen (Perturb-seq),lin+ckit+,in.vivo,SRP397634,14d,inVivo_OP2_ckit_14d_1,mRNA,in.vivo
60,SRR21603892,RNA-Seq,112,14062676320,PRJNA881278,SAMN30889590,5149463880,GEO,public,"fastq,run.zq,sra","s3,ncbi,gs","s3.us-east-1,gs.US,ncbi.public",SRX17605458,GSM6588438,NextSeq 2000,PAIRED,cDNA,TRANSCRIPTOMIC SINGLE CELL,Mus musculus,ILLUMINA,2023-05-24T00:00:00Z,2022-09-16T12:22:00Z,1,GSM6588438,CRISPR screen (Perturb-seq),lin+ckit+,in.vivo,SRP397634,14d,inVivo_OP2_ckit_14d_1,mRNA,in.vivo
61,SRR21603893,RNA-Seq,112,6598493104,PRJNA881278,SAMN30889591,1910227765,GEO,public,"run.zq,fastq,sra","s3,gs,ncbi","ncbi.public,s3.us-east-1,gs.US",SRX17605459,GSM6588439,NextSeq 2000,PAIRED,cDNA,TRANSCRIPTOMIC SINGLE CELL,Mus musculus,ILLUMINA,2023-05-24T00:00:00Z,2022-09-16T12:17:00Z,1,GSM6588439,CRISPR screen (Perturb-seq),lin+ckit+,in.vivo,SRP397634,14d,inVivo_OP2_ckit_14d_1,gRNA,in.vivo
62,SRR21603894,RNA-Seq,112,3203324992,PRJNA881278,SAMN30889591,1089347964,GEO,public,"run.zq,sra,fastq","gs,s3,ncbi","ncbi.public,s3.us-east-1,gs.US",SRX17605459,GSM6588439,NextSeq 2000,PAIRED,cDNA,TRANSCRIPTOMIC SINGLE CELL,Mus musculus,ILLUMINA,2023-05-24T00:00:00Z,2022-09-16T11:48:00Z,1,GSM6588439,CRISPR screen (Perturb-seq),lin+ckit+,in.vivo,SRP397634,14d,inVivo_OP2_ckit_14d_1,gRNA,in.vivo
63,SRR21603895,RNA-Seq,112,20845327216,PRJNA881278,SAMN30889587,6186915568,GEO,public,"sra,run.zq,fastq","s3,ncbi,gs","s3.us-east-1,gs.US,ncbi.public",SRX17605460,GSM6588440,NextSeq 2000,PAIRED,cDNA,TRANSCRIPTOMIC SINGLE CELL,Mus musculus,ILLUMINA,2023-05-24T00:00:00Z,2022-09-16T13:29:00Z,1,GSM6588440,CRISPR screen (Perturb-seq),lin-,in.vivo,SRP397634,14d,inVivo_OP2_lin-_14d_1,mRNA,in.vivo
64,SRR21603896,RNA-Seq,112,55448974672,PRJNA881278,SAMN30889587,17928661482,GEO,public,"fastq,sra,run.zq","ncbi,s3,gs","s3.us-east-1,gs.US,ncbi.public",SRX17605460,GSM6588440,NextSeq 2000,PAIRED,cDNA,TRANSCRIPTOMIC SINGLE CELL,Mus musculus,ILLUMINA,2023-05-24T00:00:00Z,2022-09-17T13:17:00Z,1,GSM6588440,CRISPR screen (Perturb-seq),lin-,in.vivo,SRP397634,14d,inVivo_OP2_lin-_14d_1,mRNA,in.vivo
65,SRR21603897,RNA-Seq,112,6580529872,PRJNA881278,SAMN30889588,1925306608,GEO,public,"fastq,sra,run.zq","s3,ncbi,gs","gs.US,ncbi.public,s3.us-east-1",SRX17605461,GSM6588441,NextSeq 2000,PAIRED,cDNA,TRANSCRIPTOMIC SINGLE CELL,Mus musculus,ILLUMINA,2023-05-24T00:00:00Z,2022-09-16T12:21:00Z,1,GSM6588441,CRISPR screen (Perturb-seq),lin-,in.vivo,SRP397634,14d,inVivo_OP2_lin-_14d_1,gRNA,in.vivo
66,SRR21603898,RNA-Seq,112,3440817072,PRJNA881278,SAMN30889588,1029752331,GEO,public,"run.zq,sra,fastq","s3,ncbi,gs","ncbi.public,s3.us-east-1,gs.US",SRX17605461,GSM6588441,NextSeq 2000,PAIRED,cDNA,TRANSCRIPTOMIC SINGLE CELL,Mus musculus,ILLUMINA,2023-05-24T00:00:00Z,2022-09-16T11:51:00Z,1,GSM6588441,CRISPR screen (Perturb-seq),lin-,in.vivo,SRP397634,14d,inVivo_OP2_lin-_14d_1,gRNA,in.vivo
67,SRR21603899,RNA-Seq,112,19276577712,PRJNA881278,SAMN30889589,5777745462,GEO,public,"fastq,sra,run.zq","s3,gs,ncbi","s3.us-east-1,gs.US,ncbi.public",SRX17605462,GSM6588442,NextSeq 2000,PAIRED,cDNA,TRANSCRIPTOMIC SINGLE CELL,Mus musculus,ILLUMINA,2023-05-24T00:00:00Z,2022-09-19T04:19:00Z,1,GSM6588442,CRISPR screen (Perturb-seq),lin+ckit+,in.vivo,SRP397634,14d,inVivo_OP3_ckit_14d_1,mRNA,in.vivo
68,SRR21603900,RNA-Seq,112,41361483296,PRJNA881278,SAMN30889589,15269291278,GEO,public,"fastq,sra,run.zq","gs,ncbi,s3","s3.us-east-1,gs.US,ncbi.public",SRX17605462,GSM6588442,NextSeq 2000,PAIRED,cDNA,TRANSCRIPTOMIC SINGLE CELL,Mus musculus,ILLUMINA,2023-05-24T00:00:00Z,2022-09-19T09:05:00Z,1,GSM6588442,CRISPR screen (Perturb-seq),lin+ckit+,in.vivo,SRP397634,14d,inVivo_OP3_ckit_14d_1,mRNA,in.vivo
69,SRR21603901,RNA-Seq,112,6236275136,PRJNA881278,SAMN30889592,1839922583,GEO,public,"fastq,run.zq,sra","s3,ncbi,gs","s3.us-east-1,gs.US,ncbi.public",SRX17605463,GSM6588443,NextSeq 2000,PAIRED,cDNA,TRANSCRIPTOMIC SINGLE CELL,Mus musculus,ILLUMINA,2023-05-24T00:00:00Z,2022-09-16T12:19:00Z,1,GSM6588443,CRISPR screen (Perturb-seq),lin+ckit+,in.vivo,SRP397634,14d,inVivo_OP3_ckit_14d_1,gRNA,in.vivo
70,SRR21603902,RNA-Seq,112,3204022080,PRJNA881278,SAMN30889592,961882494,GEO,public,"fastq,run.zq,sra","gs,ncbi,s3","s3.us-east-1,gs.US,ncbi.public",SRX17605463,GSM6588443,NextSeq 2000,PAIRED,cDNA,TRANSCRIPTOMIC SINGLE CELL,Mus musculus,ILLUMINA,2023-05-24T00:00:00Z,2022-09-16T11:49:00Z,1,GSM6588443,CRISPR screen (Perturb-seq),lin+ckit+,in.vivo,SRP397634,14d,inVivo_OP3_ckit_14d_1,gRNA,in.vivo
71,SRR21603903,RNA-Seq,112,22978297776,PRJNA881278,SAMN30889593,6815108378,GEO,public,"sra,fastq,run.zq","gs,s3,ncbi","ncbi.public,s3.us-east-1,gs.US",SRX17605464,GSM6588444,NextSeq 2000,PAIRED,cDNA,TRANSCRIPTOMIC SINGLE CELL,Mus musculus,ILLUMINA,2023-05-24T00:00:00Z,2022-09-17T17:25:00Z,1,GSM6588444,CRISPR screen (Perturb-seq),lin-,in.vivo,SRP397634,14d,inVivo_OP3_lin-_14d_1,mRNA,in.vivo
72,SRR21603904,RNA-Seq,112,34540195872,PRJNA881278,SAMN30889593,10248999361,GEO,public,"fastq,sra,run.zq","gs,ncbi,s3","gs.US,s3.us-east-1,ncbi.public",SRX17605464,GSM6588444,NextSeq 2000,PAIRED,cDNA,TRANSCRIPTOMIC SINGLE CELL,Mus musculus,ILLUMINA,2023-05-24T00:00:00Z,2022-09-18T12:29:00Z,1,GSM6588444,CRISPR screen (Perturb-seq),lin-,in.vivo,SRP397634,14d,inVivo_OP3_lin-_14d_1,mRNA,in.vivo
73,SRR21603905,RNA-Seq,112,56509518240,PRJNA881278,SAMN30889593,18342201659,GEO,public,"fastq,sra,run.zq","gs,s3,ncbi","s3.us-east-1,gs.US,ncbi.public",SRX17605464,GSM6588444,NextSeq 2000,PAIRED,cDNA,TRANSCRIPTOMIC SINGLE CELL,Mus musculus,ILLUMINA,2023-05-24T00:00:00Z,2022-09-18T03:47:00Z,1,GSM6588444,CRISPR screen (Perturb-seq),lin-,in.vivo,SRP397634,14d,inVivo_OP3_lin-_14d_1,mRNA,in.vivo
74,SRR21603906,RNA-Seq,112,6931278480,PRJNA881278,SAMN30889594,2037036071,GEO,public,"run.zq,fastq,sra","gs,ncbi,s3","gs.US,s3.us-east-1,ncbi.public",SRX17605465,GSM6588445,NextSeq 2000,PAIRED,cDNA,TRANSCRIPTOMIC SINGLE CELL,Mus musculus,ILLUMINA,2023-05-24T00:00:00Z,2022-09-16T12:15:00Z,1,GSM6588445,CRISPR screen (Perturb-seq),lin-,in.vivo,SRP397634,14d,inVivo_OP3_lin-_14d_1,gRNA,in.vivo
75,SRR21603907,RNA-Seq,112,4283170864,PRJNA881278,SAMN30889594,1278658069,GEO,public,"run.zq,sra,fastq","s3,gs,ncbi","gs.US,ncbi.public,s3.us-east-1",SRX17605465,GSM6588445,NextSeq 2000,PAIRED,cDNA,TRANSCRIPTOMIC SINGLE CELL,Mus musculus,ILLUMINA,2023-05-24T00:00:00Z,2022-09-16T12:09:00Z,1,GSM6588445,CRISPR screen (Perturb-seq),lin-,in.vivo,SRP397634,14d,inVivo_OP3_lin-_14d_1,gRNA,in.vivo
76,SRR21603908,RNA-Seq,112,27763408512,PRJNA881278,SAMN30889595,8576599028,GEO,public,"run.zq,sra,fastq","gs,s3,ncbi","s3.us-east-1,gs.US,ncbi.public",SRX17605466,GSM6588446,NextSeq 2000,PAIRED,cDNA,TRANSCRIPTOMIC SINGLE CELL,Mus musculus,ILLUMINA,2023-05-24T00:00:00Z,2022-09-16T18:07:00Z,1,GSM6588446,CRISPR screen (Perturb-seq),lin+ckit+,in.vivo,SRP397634,14d,inVivo_OP4_ckit_14d_1,mRNA,in.vivo
77,SRR21603909,RNA-Seq,112,34568448432,PRJNA881278,SAMN30889595,10362170202,GEO,public,"sra,fastq,run.zq","gs,ncbi,s3","gs.US,ncbi.public,s3.us-east-1",SRX17605466,GSM6588446,NextSeq 2000,PAIRED,cDNA,TRANSCRIPTOMIC SINGLE CELL,Mus musculus,ILLUMINA,2023-05-24T00:00:00Z,2022-09-17T12:29:00Z,1,GSM6588446,CRISPR screen (Perturb-seq),lin+ckit+,in.vivo,SRP397634,14d,inVivo_OP4_ckit_14d_1,mRNA,in.vivo
78,SRR21603910,RNA-Seq,112,6641838784,PRJNA881278,SAMN30889596,2272621538,GEO,public,"fastq,sra,run.zq","s3,ncbi,gs","ncbi.public,gs.US,s3.us-east-1",SRX17605467,GSM6588447,NextSeq 2000,PAIRED,cDNA,TRANSCRIPTOMIC SINGLE CELL,Mus musculus,ILLUMINA,2023-05-24T00:00:00Z,2022-09-16T12:20:00Z,1,GSM6588447,CRISPR screen (Perturb-seq),lin+ckit+,in.vivo,SRP397634,14d,inVivo_OP4_ckit_14d_1,gRNA,in.vivo
79,SRR21603911,RNA-Seq,112,25966451840,PRJNA881278,SAMN30889597,7980685031,GEO,public,"sra,run.zq,fastq","ncbi,s3,gs","s3.us-east-1,gs.US,ncbi.public",SRX17605468,GSM6588448,NextSeq 2000,PAIRED,cDNA,TRANSCRIPTOMIC SINGLE CELL,Mus musculus,ILLUMINA,2023-05-24T00:00:00Z,2022-09-16T15:31:00Z,1,GSM6588448,CRISPR screen (Perturb-seq),lin-,in.vivo,SRP397634,14d,inVivo_OP4_lin-_14d_1,mRNA,in.vivo
80,SRR21603912,RNA-Seq,112,34057399264,PRJNA881278,SAMN30889597,10143346767,GEO,public,"sra,fastq,run.zq","ncbi,gs,s3","gs.US,s3.us-east-1,ncbi.public",SRX17605468,GSM6588448,NextSeq 2000,PAIRED,cDNA,TRANSCRIPTOMIC SINGLE CELL,Mus musculus,ILLUMINA,2023-05-24T00:00:00Z,2022-09-16T14:10:00Z,1,GSM6588448,CRISPR screen (Perturb-seq),lin-,in.vivo,SRP397634,14d,inVivo_OP4_lin-_14d_1,mRNA,in.vivo
81,SRR21603913,RNA-Seq,112,6795073488,PRJNA881278,SAMN30889598,2237135081,GEO,public,"run.zq,fastq,sra","ncbi,s3,gs","gs.US,ncbi.public,s3.us-east-1",SRX17605469,GSM6588449,NextSeq 2000,PAIRED,cDNA,TRANSCRIPTOMIC SINGLE CELL,Mus musculus,ILLUMINA,2023-05-24T00:00:00Z,2022-09-16T12:02:00Z,1,GSM6588449,CRISPR screen (Perturb-seq),lin-,in.vivo,SRP397634,14d,inVivo_OP4_lin-_14d_1,gRNA,in.vivo
82,SRR21603914,RNA-Seq,112,8770280176,PRJNA881278,SAMN30889599,2725873802,GEO,public,"sra,run.zq,fastq","gs,ncbi,s3","s3.us-east-1,ncbi.public,gs.US",SRX17605470,GSM6588450,NextSeq 2000,PAIRED,cDNA,TRANSCRIPTOMIC SINGLE CELL,Mus musculus,ILLUMINA,2023-05-24T00:00:00Z,2022-09-16T13:52:00Z,1,GSM6588450,CRISPR screen (Perturb-seq),nomarker,ex.vivo,SRP397634,7d,LSK_OP0_NM_7d_1,mRNA,ex.vivo
83,SRR21603915,RNA-Seq,112,23416083936,PRJNA881278,SAMN30889599,7364696811,GEO,public,"run.zq,sra,fastq","gs,s3,ncbi","gs.US,s3.us-east-1,ncbi.public",SRX17605470,GSM6588450,NextSeq 2000,PAIRED,cDNA,TRANSCRIPTOMIC SINGLE CELL,Mus musculus,ILLUMINA,2023-05-24T00:00:00Z,2022-09-16T15:27:00Z,1,GSM6588450,CRISPR screen (Perturb-seq),nomarker,ex.vivo,SRP397634,7d,LSK_OP0_NM_7d_1,mRNA,ex.vivo
84,SRR21603916,RNA-Seq,112,24373960016,PRJNA881278,SAMN30889599,7860901709,GEO,public,"fastq,run.zq,sra","gs,s3,ncbi","s3.us-east-1,gs.US,ncbi.public",SRX17605470,GSM6588450,NextSeq 2000,PAIRED,cDNA,TRANSCRIPTOMIC SINGLE CELL,Mus musculus,ILLUMINA,2023-05-24T00:00:00Z,2022-09-19T05:20:00Z,1,GSM6588450,CRISPR screen (Perturb-seq),nomarker,ex.vivo,SRP397634,7d,LSK_OP0_NM_7d_1,mRNA,ex.vivo
85,SRR21603917,RNA-Seq,112,8054096624,PRJNA881278,SAMN30889626,2336914528,GEO,public,"run.zq,fastq,sra","s3,gs,ncbi","s3.us-east-1,gs.US,ncbi.public",SRX17605471,GSM6588451,NextSeq 2000,PAIRED,cDNA,TRANSCRIPTOMIC SINGLE CELL,Mus musculus,ILLUMINA,2023-05-24T00:00:00Z,2022-09-16T12:30:00Z,1,GSM6588451,CRISPR screen (Perturb-seq),nomarker,ex.vivo,SRP397634,7d,LSK_OP0_NM_7d_1,gRNA,ex.vivo
86,SRR21603918,RNA-Seq,112,4492979008,PRJNA881278,SAMN30889626,1303761914,GEO,public,"run.zq,sra,fastq","gs,ncbi,s3","s3.us-east-1,gs.US,ncbi.public",SRX17605471,GSM6588451,NextSeq 2000,PAIRED,cDNA,TRANSCRIPTOMIC SINGLE CELL,Mus musculus,ILLUMINA,2023-05-24T00:00:00Z,2022-09-16T11:59:00Z,1,GSM6588451,CRISPR screen (Perturb-seq),nomarker,ex.vivo,SRP397634,7d,LSK_OP0_NM_7d_1,gRNA,ex.vivo
87,SRR21603919,RNA-Seq,103,2056872817,PRJNA881278,SAMN30889627,642762305,GEO,public,"fastq,run.zq,sra","s3,ncbi,gs","ncbi.public,s3.us-east-1,gs.US",SRX17605472,GSM6588452,NextSeq 2000,PAIRED,cDNA,TRANSCRIPTOMIC SINGLE CELL,Mus musculus,ILLUMINA,2023-05-24T00:00:00Z,2022-09-16T12:16:00Z,1,GSM6588452,CRISPR screen (Perturb-seq),nomarker,ex.vivo,SRP397634,7d,LSK_OP1_NM_7d_1,mRNA,ex.vivo
88,SRR21603920,RNA-Seq,103,374703391,PRJNA881278,SAMN30889627,114542706,GEO,public,"fastq,sra,run.zq","gs,s3,ncbi","s3.us-east-1,ncbi.public,gs.US",SRX17605472,GSM6588452,NextSeq 2000,PAIRED,cDNA,TRANSCRIPTOMIC SINGLE CELL,Mus musculus,ILLUMINA,2023-05-24T00:00:00Z,2022-09-16T12:22:00Z,1,GSM6588452,CRISPR screen (Perturb-seq),nomarker,ex.vivo,SRP397634,7d,LSK_OP1_NM_7d_1,mRNA,ex.vivo
89,SRR21603921,RNA-Seq,112,5784742320,PRJNA881278,SAMN30889627,1784054538,GEO,public,"run.zq,fastq,sra","gs,s3,ncbi","ncbi.public,gs.US,s3.us-east-1",SRX17605472,GSM6588452,NextSeq 2000,PAIRED,cDNA,TRANSCRIPTOMIC SINGLE CELL,Mus musculus,ILLUMINA,2023-05-24T00:00:00Z,2022-09-16T12:07:00Z,1,GSM6588452,CRISPR screen (Perturb-seq),nomarker,ex.vivo,SRP397634,7d,LSK_OP1_NM_7d_1,mRNA,ex.vivo
90,SRR21603922,RNA-Seq,112,19824748272,PRJNA881278,SAMN30889627,5910176047,GEO,public,"fastq,run.zq,sra","ncbi,gs,s3","ncbi.public,s3.us-east-1,gs.US",SRX17605472,GSM6588452,NextSeq 2000,PAIRED,cDNA,TRANSCRIPTOMIC SINGLE CELL,Mus musculus,ILLUMINA,2023-05-24T00:00:00Z,2022-09-16T14:14:00Z,1,GSM6588452,CRISPR screen (Perturb-seq),nomarker,ex.vivo,SRP397634,7d,LSK_OP1_NM_7d_1,mRNA,ex.vivo
91,SRR21603923,RNA-Seq,112,26848161200,PRJNA881278,SAMN30889627,8044610848,GEO,public,"run.zq,fastq,sra","ncbi,gs,s3","ncbi.public,gs.US,s3.us-east-1",SRX17605472,GSM6588452,NextSeq 2000,PAIRED,cDNA,TRANSCRIPTOMIC SINGLE CELL,Mus musculus,ILLUMINA,2023-05-24T00:00:00Z,2022-09-16T13:47:00Z,1,GSM6588452,CRISPR screen (Perturb-seq),nomarker,ex.vivo,SRP397634,7d,LSK_OP1_NM_7d_1,mRNA,ex.vivo
92,SRR21603924,RNA-Seq,103,1857910086,PRJNA881278,SAMN30889628,550484602,GEO,public,"sra,run.zq,fastq","gs,s3,ncbi","gs.US,s3.us-east-1,ncbi.public",SRX17605473,GSM6588453,NextSeq 2000,PAIRED,cDNA,TRANSCRIPTOMIC SINGLE CELL,Mus musculus,ILLUMINA,2023-05-24T00:00:00Z,2022-09-16T11:53:00Z,1,GSM6588453,CRISPR screen (Perturb-seq),nomarker,ex.vivo,SRP397634,7d,LSK_OP1_NM_7d_1,gRNA,ex.vivo
93,SRR21603925,RNA-Seq,112,2882893664,PRJNA881278,SAMN30889628,855765995,GEO,public,"fastq,sra,run.zq","ncbi,gs,s3","gs.US,ncbi.public,s3.us-east-1",SRX17605473,GSM6588453,NextSeq 2000,PAIRED,cDNA,TRANSCRIPTOMIC SINGLE CELL,Mus musculus,ILLUMINA,2023-05-24T00:00:00Z,2022-09-16T12:19:00Z,1,GSM6588453,CRISPR screen (Perturb-seq),nomarker,ex.vivo,SRP397634,7d,LSK_OP1_NM_7d_1,gRNA,ex.vivo
94,SRR21603926,RNA-Seq,103,2239979316,PRJNA881278,SAMN30889629,695252290,GEO,public,"fastq,run.zq,sra","ncbi,gs,s3","ncbi.public,s3.us-east-1,gs.US",SRX17605474,GSM6588454,NextSeq 2000,PAIRED,cDNA,TRANSCRIPTOMIC SINGLE CELL,Mus musculus,ILLUMINA,2023-05-24T00:00:00Z,2022-09-16T11:56:00Z,1,GSM6588454,CRISPR screen (Perturb-seq),nomarker,ex.vivo,SRP397634,9d,LSK_OP1_NM_9d_1,mRNA,ex.vivo
95,SRR21603927,RNA-Seq,103,728696675,PRJNA881278,SAMN30889629,221286953,GEO,public,"run.zq,fastq,sra","s3,ncbi,gs","s3.us-east-1,ncbi.public,gs.US",SRX17605474,GSM6588454,NextSeq 2000,PAIRED,cDNA,TRANSCRIPTOMIC SINGLE CELL,Mus musculus,ILLUMINA,2023-05-24T00:00:00Z,2022-09-16T11:48:00Z,1,GSM6588454,CRISPR screen (Perturb-seq),nomarker,ex.vivo,SRP397634,9d,LSK_OP1_NM_9d_1,mRNA,ex.vivo
96,SRR21603928,RNA-Seq,112,6977165440,PRJNA881278,SAMN30889629,2135981240,GEO,public,"run.zq,sra,fastq","s3,ncbi,gs","s3.us-east-1,ncbi.public,gs.US",SRX17605474,GSM6588454,NextSeq 2000,PAIRED,cDNA,TRANSCRIPTOMIC SINGLE CELL,Mus musculus,ILLUMINA,2023-05-24T00:00:00Z,2022-09-16T12:34:00Z,1,GSM6588454,CRISPR screen (Perturb-seq),nomarker,ex.vivo,SRP397634,9d,LSK_OP1_NM_9d_1,mRNA,ex.vivo
97,SRR21603929,RNA-Seq,112,12121470928,PRJNA881278,SAMN30889629,3603487491,GEO,public,"fastq,sra,run.zq","s3,gs,ncbi","gs.US,ncbi.public,s3.us-east-1",SRX17605474,GSM6588454,NextSeq 2000,PAIRED,cDNA,TRANSCRIPTOMIC SINGLE CELL,Mus musculus,ILLUMINA,2023-05-24T00:00:00Z,2022-09-16T13:10:00Z,1,GSM6588454,CRISPR screen (Perturb-seq),nomarker,ex.vivo,SRP397634,9d,LSK_OP1_NM_9d_1,mRNA,ex.vivo
98,SRR21603930,RNA-Seq,112,20599309248,PRJNA881278,SAMN30889629,6169310617,GEO,public,"fastq,sra,run.zq","s3,gs,ncbi","ncbi.public,s3.us-east-1,gs.US",SRX17605474,GSM6588454,NextSeq 2000,PAIRED,cDNA,TRANSCRIPTOMIC SINGLE CELL,Mus musculus,ILLUMINA,2023-05-24T00:00:00Z,2022-09-16T14:27:00Z,1,GSM6588454,CRISPR screen (Perturb-seq),nomarker,ex.vivo,SRP397634,9d,LSK_OP1_NM_9d_1,mRNA,ex.vivo
99,SRR21603931,RNA-Seq,112,18704363440,PRJNA881278,SAMN30889629,5553417953,GEO,public,"fastq,sra,run.zq","gs,ncbi,s3","s3.us-east-1,gs.US,ncbi.public",SRX17605474,GSM6588454,NextSeq 2000,PAIRED,cDNA,TRANSCRIPTOMIC SINGLE CELL,Mus musculus,ILLUMINA,2023-05-24T00:00:00Z,2022-09-16T14:14:00Z,1,GSM6588454,CRISPR screen (Perturb-seq),nomarker,ex.vivo,SRP397634,9d,LSK_OP1_NM_9d_1,mRNA,ex.vivo
100,SRR21603932,RNA-Seq,103,1846528689,PRJNA881278,SAMN30889630,563989069,GEO,public,"fastq,run.zq,sra","ncbi,s3,gs","gs.US,ncbi.public,s3.us-east-1",SRX17605475,GSM6588455,NextSeq 2000,PAIRED,cDNA,TRANSCRIPTOMIC SINGLE CELL,Mus musculus,ILLUMINA,2023-05-24T00:00:00Z,2022-09-16T11:49:00Z,1,GSM6588455,CRISPR screen (Perturb-seq),nomarker,ex.vivo,SRP397634,9d,LSK_OP1_NM_9d_1,gRNA,ex.vivo
101,SRR21603933,RNA-Seq,112,2743659520,PRJNA881278,SAMN30889630,839568370,GEO,public,"fastq,run.zq,sra","s3,gs,ncbi","s3.us-east-1,ncbi.public,gs.US",SRX17605475,GSM6588455,NextSeq 2000,PAIRED,cDNA,TRANSCRIPTOMIC SINGLE CELL,Mus musculus,ILLUMINA,2023-05-24T00:00:00Z,2022-09-16T12:02:00Z,1,GSM6588455,CRISPR screen (Perturb-seq),nomarker,ex.vivo,SRP397634,9d,LSK_OP1_NM_9d_1,gRNA,ex.vivo
102,SRR21603934,RNA-Seq,103,2019595881,PRJNA881278,SAMN30889631,628147554,GEO,public,"sra,run.zq,fastq","ncbi,s3,gs","ncbi.public,s3.us-east-1,gs.US",SRX17605476,GSM6588456,NextSeq 2000,PAIRED,cDNA,TRANSCRIPTOMIC SINGLE CELL,Mus musculus,ILLUMINA,2023-05-24T00:00:00Z,2022-09-16T11:59:00Z,1,GSM6588456,CRISPR screen (Perturb-seq),nomarker,ex.vivo,SRP397634,7d,LSK_OP2_NM_7d_1,mRNA,ex.vivo
103,SRR21603935,RNA-Seq,103,661367635,PRJNA881278,SAMN30889631,200861762,GEO,public,"fastq,run.zq,sra","gs,ncbi,s3","s3.us-east-1,gs.US,ncbi.public",SRX17605476,GSM6588456,NextSeq 2000,PAIRED,cDNA,TRANSCRIPTOMIC SINGLE CELL,Mus musculus,ILLUMINA,2023-05-24T00:00:00Z,2022-09-16T11:49:00Z,1,GSM6588456,CRISPR screen (Perturb-seq),nomarker,ex.vivo,SRP397634,7d,LSK_OP2_NM_7d_1,mRNA,ex.vivo
104,SRR21603936,RNA-Seq,112,1830456880,PRJNA881278,SAMN30889631,560068863,GEO,public,"sra,fastq,run.zq","s3,gs,ncbi","s3.us-east-1,ncbi.public,gs.US",SRX17605476,GSM6588456,NextSeq 2000,PAIRED,cDNA,TRANSCRIPTOMIC SINGLE CELL,Mus musculus,ILLUMINA,2023-05-24T00:00:00Z,2022-09-16T11:58:00Z,1,GSM6588456,CRISPR screen (Perturb-seq),nomarker,ex.vivo,SRP397634,7d,LSK_OP2_NM_7d_1,mRNA,ex.vivo
105,SRR21603937,RNA-Seq,112,20905823904,PRJNA881278,SAMN30889631,6355875376,GEO,public,"run.zq,sra,fastq","ncbi,gs,s3","s3.us-east-1,ncbi.public,gs.US",SRX17605476,GSM6588456,NextSeq 2000,PAIRED,cDNA,TRANSCRIPTOMIC SINGLE CELL,Mus musculus,ILLUMINA,2023-05-24T00:00:00Z,2022-09-16T13:13:00Z,1,GSM6588456,CRISPR screen (Perturb-seq),nomarker,ex.vivo,SRP397634,7d,LSK_OP2_NM_7d_1,mRNA,ex.vivo
106,SRR21603938,RNA-Seq,112,34932471056,PRJNA881278,SAMN30889631,10474647851,GEO,public,"run.zq,sra,fastq","ncbi,s3,gs","s3.us-east-1,gs.US,ncbi.public",SRX17605476,GSM6588456,NextSeq 2000,PAIRED,cDNA,TRANSCRIPTOMIC SINGLE CELL,Mus musculus,ILLUMINA,2023-05-24T00:00:00Z,2022-09-17T13:34:00Z,1,GSM6588456,CRISPR screen (Perturb-seq),nomarker,ex.vivo,SRP397634,7d,LSK_OP2_NM_7d_1,mRNA,ex.vivo
107,SRR21603939,RNA-Seq,103,1859530688,PRJNA881278,SAMN30889632,560916009,GEO,public,"run.zq,sra,fastq","gs,ncbi,s3","ncbi.public,s3.us-east-1,gs.US",SRX17605477,GSM6588457,NextSeq 2000,PAIRED,cDNA,TRANSCRIPTOMIC SINGLE CELL,Mus musculus,ILLUMINA,2023-05-24T00:00:00Z,2022-09-16T11:55:00Z,1,GSM6588457,CRISPR screen (Perturb-seq),nomarker,ex.vivo,SRP397634,7d,LSK_OP2_NM_7d_1,gRNA,ex.vivo
108,SRR21603940,RNA-Seq,112,21375415264,PRJNA881278,SAMN30889632,8708500615,GEO,public,"run.zq,sra,fastq","ncbi,s3,gs","s3.us-east-1,gs.US,ncbi.public",SRX17605477,GSM6588457,NextSeq 2000,PAIRED,cDNA,TRANSCRIPTOMIC SINGLE CELL,Mus musculus,ILLUMINA,2023-05-24T00:00:00Z,2022-09-16T14:21:00Z,1,GSM6588457,CRISPR screen (Perturb-seq),nomarker,ex.vivo,SRP397634,7d,LSK_OP2_NM_7d_1,gRNA,ex.vivo
109,SRR21603941,RNA-Seq,103,1944822619,PRJNA881278,SAMN30889567,603887053,GEO,public,"run.zq,fastq,sra","gs,ncbi,s3","ncbi.public,gs.US,s3.us-east-1",SRX17605478,GSM6588458,NextSeq 2000,PAIRED,cDNA,TRANSCRIPTOMIC SINGLE CELL,Mus musculus,ILLUMINA,2023-05-24T00:00:00Z,2022-09-16T12:04:00Z,1,GSM6588458,CRISPR screen (Perturb-seq),nomarker,ex.vivo,SRP397634,9d,LSK_OP2_NM_9d_1,mRNA,ex.vivo
110,SRR21603942,RNA-Seq,103,468106778,PRJNA881278,SAMN30889567,142193257,GEO,public,"fastq,sra,run.zq","gs,s3,ncbi","s3.us-east-1,ncbi.public,gs.US",SRX17605478,GSM6588458,NextSeq 2000,PAIRED,cDNA,TRANSCRIPTOMIC SINGLE CELL,Mus musculus,ILLUMINA,2023-05-24T00:00:00Z,2022-09-16T11:47:00Z,1,GSM6588458,CRISPR screen (Perturb-seq),nomarker,ex.vivo,SRP397634,9d,LSK_OP2_NM_9d_1,mRNA,ex.vivo
111,SRR21603943,RNA-Seq,112,5337124352,PRJNA881278,SAMN30889567,1633318591,GEO,public,"run.zq,fastq,sra","s3,ncbi,gs","ncbi.public,s3.us-east-1,gs.US",SRX17605478,GSM6588458,NextSeq 2000,PAIRED,cDNA,TRANSCRIPTOMIC SINGLE CELL,Mus musculus,ILLUMINA,2023-05-24T00:00:00Z,2022-09-16T12:19:00Z,1,GSM6588458,CRISPR screen (Perturb-seq),nomarker,ex.vivo,SRP397634,9d,LSK_OP2_NM_9d_1,mRNA,ex.vivo
112,SRR21603944,RNA-Seq,112,22998093440,PRJNA881278,SAMN30889567,6982212877,GEO,public,"sra,fastq,run.zq","gs,ncbi,s3","s3.us-east-1,gs.US,ncbi.public",SRX17605478,GSM6588458,NextSeq 2000,PAIRED,cDNA,TRANSCRIPTOMIC SINGLE CELL,Mus musculus,ILLUMINA,2023-05-24T00:00:00Z,2022-09-16T14:36:00Z,1,GSM6588458,CRISPR screen (Perturb-seq),nomarker,ex.vivo,SRP397634,9d,LSK_OP2_NM_9d_1,mRNA,ex.vivo
113,SRR21603945,RNA-Seq,112,32980457664,PRJNA881278,SAMN30889567,9795298582,GEO,public,"run.zq,fastq,sra","ncbi,gs,s3","gs.US,s3.us-east-1,ncbi.public",SRX17605478,GSM6588458,NextSeq 2000,PAIRED,cDNA,TRANSCRIPTOMIC SINGLE CELL,Mus musculus,ILLUMINA,2023-05-24T00:00:00Z,2022-09-20T12:46:00Z,1,GSM6588458,CRISPR screen (Perturb-seq),nomarker,ex.vivo,SRP397634,9d,LSK_OP2_NM_9d_1,mRNA,ex.vivo
114,SRR21603946,RNA-Seq,103,1601780913,PRJNA881278,SAMN30889568,508623643,GEO,public,"sra,run.zq,fastq","gs,ncbi,s3","ncbi.public,gs.US,s3.us-east-1",SRX17605479,GSM6588459,NextSeq 2000,PAIRED,cDNA,TRANSCRIPTOMIC SINGLE CELL,Mus musculus,ILLUMINA,2023-05-24T00:00:00Z,2022-09-16T11:55:00Z,1,GSM6588459,CRISPR screen (Perturb-seq),nomarker,ex.vivo,SRP397634,9d,LSK_OP2_NM_9d_1,gRNA,ex.vivo
115,SRR21603947,RNA-Seq,112,21706297312,PRJNA881278,SAMN30889568,8962957951,GEO,public,"fastq,sra,run.zq","gs,s3,ncbi","gs.US,s3.us-east-1,ncbi.public",SRX17605479,GSM6588459,NextSeq 2000,PAIRED,cDNA,TRANSCRIPTOMIC SINGLE CELL,Mus musculus,ILLUMINA,2023-05-24T00:00:00Z,2022-09-16T14:20:00Z,1,GSM6588459,CRISPR screen (Perturb-seq),nomarker,ex.vivo,SRP397634,9d,LSK_OP2_NM_9d_1,gRNA,ex.vivo
116,SRR21603948,RNA-Seq,103,1410098325,PRJNA881278,SAMN30889569,436674045,GEO,public,"run.zq,sra,fastq","ncbi,gs,s3","s3.us-east-1,gs.US,ncbi.public",SRX17605480,GSM6588460,NextSeq 2000,PAIRED,cDNA,TRANSCRIPTOMIC SINGLE CELL,Mus musculus,ILLUMINA,2023-05-24T00:00:00Z,2022-09-16T11:56:00Z,1,GSM6588460,CRISPR screen (Perturb-seq),nomarker,ex.vivo,SRP397634,7d,LSK_OP3_NM_7d_1,mRNA,ex.vivo
117,SRR21603949,RNA-Seq,103,555935805,PRJNA881278,SAMN30889569,168506508,GEO,public,"sra,fastq,run.zq","s3,gs,ncbi","gs.US,s3.us-east-1,ncbi.public",SRX17605480,GSM6588460,NextSeq 2000,PAIRED,cDNA,TRANSCRIPTOMIC SINGLE CELL,Mus musculus,ILLUMINA,2023-05-24T00:00:00Z,2022-09-16T11:48:00Z,1,GSM6588460,CRISPR screen (Perturb-seq),nomarker,ex.vivo,SRP397634,7d,LSK_OP3_NM_7d_1,mRNA,ex.vivo
118,SRR21603950,RNA-Seq,112,4675680688,PRJNA881278,SAMN30889569,1426322053,GEO,public,"sra,fastq,run.zq","ncbi,gs,s3","gs.US,s3.us-east-1,ncbi.public",SRX17605480,GSM6588460,NextSeq 2000,PAIRED,cDNA,TRANSCRIPTOMIC SINGLE CELL,Mus musculus,ILLUMINA,2023-05-24T00:00:00Z,2022-09-16T12:11:00Z,1,GSM6588460,CRISPR screen (Perturb-seq),nomarker,ex.vivo,SRP397634,7d,LSK_OP3_NM_7d_1,mRNA,ex.vivo
119,SRR21603951,RNA-Seq,112,25884084128,PRJNA881278,SAMN30889569,7836029667,GEO,public,"sra,fastq,run.zq","s3,gs,ncbi","ncbi.public,s3.us-east-1,gs.US",SRX17605480,GSM6588460,NextSeq 2000,PAIRED,cDNA,TRANSCRIPTOMIC SINGLE CELL,Mus musculus,ILLUMINA,2023-05-24T00:00:00Z,2022-09-17T18:52:00Z,1,GSM6588460,CRISPR screen (Perturb-seq),nomarker,ex.vivo,SRP397634,7d,LSK_OP3_NM_7d_1,mRNA,ex.vivo
120,SRR21603952,RNA-Seq,112,40350991408,PRJNA881278,SAMN30889569,12052572065,GEO,public,"sra,run.zq,fastq","gs,ncbi,s3","gs.US,ncbi.public,s3.us-east-1",SRX17605480,GSM6588460,NextSeq 2000,PAIRED,cDNA,TRANSCRIPTOMIC SINGLE CELL,Mus musculus,ILLUMINA,2023-05-24T00:00:00Z,2022-09-17T16:56:00Z,1,GSM6588460,CRISPR screen (Perturb-seq),nomarker,ex.vivo,SRP397634,7d,LSK_OP3_NM_7d_1,mRNA,ex.vivo
121,SRR21603953,RNA-Seq,103,1753341293,PRJNA881278,SAMN30889570,516817081,GEO,public,"run.zq,fastq,sra","gs,ncbi,s3","s3.us-east-1,ncbi.public,gs.US",SRX17605481,GSM6588461,NextSeq 2000,PAIRED,cDNA,TRANSCRIPTOMIC SINGLE CELL,Mus musculus,ILLUMINA,2023-05-24T00:00:00Z,2022-09-16T11:53:00Z,1,GSM6588461,CRISPR screen (Perturb-seq),nomarker,ex.vivo,SRP397634,7d,LSK_OP3_NM_7d_1,gRNA,ex.vivo
122,SRR21603954,RNA-Seq,112,3001875296,PRJNA881278,SAMN30889570,886511523,GEO,public,"fastq,sra,run.zq","ncbi,gs,s3","s3.us-east-1,gs.US,ncbi.public",SRX17605481,GSM6588461,NextSeq 2000,PAIRED,cDNA,TRANSCRIPTOMIC SINGLE CELL,Mus musculus,ILLUMINA,2023-05-24T00:00:00Z,2022-09-16T12:04:00Z,1,GSM6588461,CRISPR screen (Perturb-seq),nomarker,ex.vivo,SRP397634,7d,LSK_OP3_NM_7d_1,gRNA,ex.vivo
123,SRR21603955,RNA-Seq,103,2369892083,PRJNA881278,SAMN30889571,736012451,GEO,public,"fastq,sra,run.zq","s3,ncbi,gs","gs.US,ncbi.public,s3.us-east-1",SRX17605482,GSM6588462,NextSeq 2000,PAIRED,cDNA,TRANSCRIPTOMIC SINGLE CELL,Mus musculus,ILLUMINA,2023-05-24T00:00:00Z,2022-09-16T12:04:00Z,1,GSM6588462,CRISPR screen (Perturb-seq),nomarker,ex.vivo,SRP397634,9d,LSK_OP3_NM_9d_1,mRNA,ex.vivo
124,SRR21603956,RNA-Seq,103,1902205957,PRJNA881278,SAMN30889571,578950521,GEO,public,"run.zq,sra,fastq","ncbi,s3,gs","s3.us-east-1,gs.US,ncbi.public",SRX17605482,GSM6588462,NextSeq 2000,PAIRED,cDNA,TRANSCRIPTOMIC SINGLE CELL,Mus musculus,ILLUMINA,2023-05-24T00:00:00Z,2022-09-16T12:01:00Z,1,GSM6588462,CRISPR screen (Perturb-seq),nomarker,ex.vivo,SRP397634,9d,LSK_OP3_NM_9d_1,mRNA,ex.vivo
125,SRR21603957,RNA-Seq,112,7261213344,PRJNA881278,SAMN30889571,2224992951,GEO,public,"fastq,sra,run.zq","gs,s3,ncbi","gs.US,s3.us-east-1,ncbi.public",SRX17605482,GSM6588462,NextSeq 2000,PAIRED,cDNA,TRANSCRIPTOMIC SINGLE CELL,Mus musculus,ILLUMINA,2023-05-24T00:00:00Z,2022-09-16T13:14:00Z,1,GSM6588462,CRISPR screen (Perturb-seq),nomarker,ex.vivo,SRP397634,9d,LSK_OP3_NM_9d_1,mRNA,ex.vivo
126,SRR21603958,RNA-Seq,112,36065323168,PRJNA881278,SAMN30889571,10979389876,GEO,public,"sra,run.zq,fastq","gs,s3,ncbi","s3.us-east-1,ncbi.public,gs.US",SRX17605482,GSM6588462,NextSeq 2000,PAIRED,cDNA,TRANSCRIPTOMIC SINGLE CELL,Mus musculus,ILLUMINA,2023-05-24T00:00:00Z,2022-09-17T13:55:00Z,1,GSM6588462,CRISPR screen (Perturb-seq),nomarker,ex.vivo,SRP397634,9d,LSK_OP3_NM_9d_1,mRNA,ex.vivo
127,SRR21603959,RNA-Seq,112,8195260864,PRJNA881278,SAMN30889571,2453241916,GEO,public,"run.zq,sra,fastq","gs,s3,ncbi","gs.US,ncbi.public,s3.us-east-1",SRX17605482,GSM6588462,NextSeq 2000,PAIRED,cDNA,TRANSCRIPTOMIC SINGLE CELL,Mus musculus,ILLUMINA,2023-05-24T00:00:00Z,2022-09-16T12:15:00Z,1,GSM6588462,CRISPR screen (Perturb-seq),nomarker,ex.vivo,SRP397634,9d,LSK_OP3_NM_9d_1,mRNA,ex.vivo
128,SRR21603960,RNA-Seq,112,17886715952,PRJNA881278,SAMN30889571,5319110597,GEO,public,"run.zq,fastq,sra","s3,ncbi,gs","gs.US,s3.us-east-1,ncbi.public",SRX17605482,GSM6588462,NextSeq 2000,PAIRED,cDNA,TRANSCRIPTOMIC SINGLE CELL,Mus musculus,ILLUMINA,2023-05-24T00:00:00Z,2022-09-16T13:03:00Z,1,GSM6588462,CRISPR screen (Perturb-seq),nomarker,ex.vivo,SRP397634,9d,LSK_OP3_NM_9d_1,mRNA,ex.vivo
129,SRR21603961,RNA-Seq,103,1614880865,PRJNA881278,SAMN30889572,484502245,GEO,public,"sra,fastq,run.zq","ncbi,gs,s3","gs.US,ncbi.public,s3.us-east-1",SRX17605483,GSM6588463,NextSeq 2000,PAIRED,cDNA,TRANSCRIPTOMIC SINGLE CELL,Mus musculus,ILLUMINA,2023-05-24T00:00:00Z,2022-09-16T11:53:00Z,1,GSM6588463,CRISPR screen (Perturb-seq),nomarker,ex.vivo,SRP397634,9d,LSK_OP3_NM_9d_1,gRNA,ex.vivo
130,SRR21603962,RNA-Seq,112,2395491056,PRJNA881278,SAMN30889572,720612148,GEO,public,"fastq,run.zq,sra","ncbi,s3,gs","gs.US,s3.us-east-1,ncbi.public",SRX17605483,GSM6588463,NextSeq 2000,PAIRED,cDNA,TRANSCRIPTOMIC SINGLE CELL,Mus musculus,ILLUMINA,2023-05-24T00:00:00Z,2022-09-16T11:59:00Z,1,GSM6588463,CRISPR screen (Perturb-seq),nomarker,ex.vivo,SRP397634,9d,LSK_OP3_NM_9d_1,gRNA,ex.vivo
131,SRR21603963,RNA-Seq,112,54753055168,PRJNA881278,SAMN30889573,16453989756,GEO,public,"run.zq,fastq,sra","s3,gs,ncbi","s3.us-east-1,ncbi.public,gs.US",SRX17605432,GSM6588464,NextSeq 2000,PAIRED,cDNA,TRANSCRIPTOMIC SINGLE CELL,Mus musculus,ILLUMINA,2023-05-24T00:00:00Z,2022-09-17T17:37:00Z,1,GSM6588464,CRISPR screen (Perturb-seq),nomarker,ex.vivo,SRP397634,7d,LSK_OP4_NM_7d_1,mRNA,ex.vivo
132,SRR21603964,RNA-Seq,112,6692440608,PRJNA881278,SAMN30889574,1943509063,GEO,public,"run.zq,fastq,sra","ncbi,s3,gs","ncbi.public,gs.US,s3.us-east-1",SRX17605433,GSM6588465,NextSeq 2000,PAIRED,cDNA,TRANSCRIPTOMIC SINGLE CELL,Mus musculus,ILLUMINA,2023-05-24T00:00:00Z,2022-09-16T12:35:00Z,1,GSM6588465,CRISPR screen (Perturb-seq),nomarker,ex.vivo,SRP397634,7d,LSK_OP4_NM_7d_1,gRNA,ex.vivo
133,SRR21603965,RNA-Seq,112,58265548432,PRJNA881278,SAMN30889575,17453849184,GEO,public,"run.zq,sra,fastq","gs,ncbi,s3","s3.us-east-1,ncbi.public,gs.US",SRX17605434,GSM6588466,NextSeq 2000,PAIRED,cDNA,TRANSCRIPTOMIC SINGLE CELL,Mus musculus,ILLUMINA,2023-05-24T00:00:00Z,2022-09-17T14:23:00Z,1,GSM6588466,CRISPR screen (Perturb-seq),nomarker,ex.vivo,SRP397634,9d,LSK_OP4_NM_9d_1,mRNA,ex.vivo
134,SRR21603966,RNA-Seq,112,10358324928,PRJNA881278,SAMN30889576,2988073742,GEO,public,"fastq,run.zq,sra","s3,gs,ncbi","s3.us-east-1,ncbi.public,gs.US",SRX17605435,GSM6588467,NextSeq 2000,PAIRED,cDNA,TRANSCRIPTOMIC SINGLE CELL,Mus musculus,ILLUMINA,2023-05-24T00:00:00Z,2022-09-16T13:09:00Z,1,GSM6588467,CRISPR screen (Perturb-seq),nomarker,ex.vivo,SRP397634,9d,LSK_OP4_NM_9d_1,gRNA,ex.vivo
